name,email,responses,score
User 1,user1@example.com,"[0, 0, 1, 1]",76
User 2,user2@example.com,"[0, 1, 0, 1]",88
User 3,user3@example.com,"[0, 0, 1, 1]",77
User 4,user4@example.com,"[0, 1, 0, 0]",57
User 5,user5@example.com,"[1, 0, 1, 0]",54
User 6,user6@example.com,"[1, 0, 0, 1]",62
User 7,user7@example.com,"[1, 1, 1, 1]",81
User 8,user8@example.com,"[1, 0, 0, 1]",73
User 9,user9@example.com,"[0, 1, 0, 0]",71
User 10,user10@example.com,"[0, 0, 0, 0]",87
User 11,user11@example.com,"[0, 1, 1, 1]",100
User 12,user12@example.com,"[0, 1, 1, 1]",95
User 13,user13@example.com,"[0, 1, 1, 1]",76
User 14,user14@example.com,"[0, 0, 1, 0]",92
User 15,user15@example.com,"[1, 1, 1, 0]",55
User 16,user16@example.com,"[1, 0, 1, 0]",83
User 17,user17@example.com,"[0, 0, 0, 0]",52
User 18,user18@example.com,"[0, 0, 1, 1]",78
User 19,user19@example.com,"[1, 0, 1, 1]",97
User 20,user20@example.com,"[0, 1, 0, 1]",62
User 21,user21@example.com,"[0, 1, 1, 0]",64
User 22,user22@example.com,"[1, 1, 0, 1]",60
User 23,user23@example.com,"[1, 1, 0, 0]",55
User 24,user24@example.com,"[1, 0, 0, 1]",83
User 25,user25@example.com,"[0, 1, 0, 1]",66
User 26,user26@example.com,"[0, 1, 0, 1]",91
User 27,user27@example.com,"[0, 0, 1, 0]",53
User 28,user28@example.com,"[0, 1, 0, 0]",76
User 29,user29@example.com,"[1, 0, 1, 0]",90
User 30,user30@example.com,"[0, 0, 1, 0]",85
User 31,user31@example.com,"[0, 0, 1, 0]",50
User 32,user32@example.com,"[0, 0, 0, 1]",100
User 33,user33@example.com,"[0, 0, 0, 1]",97
User 34,user34@example.com,"[1, 0, 0, 0]",86
User 35,user35@example.com,"[1, 0, 0, 0]",59
User 36,user36@example.com,"[1, 1, 0, 0]",95
User 37,user37@example.com,"[1, 1, 1, 0]",97
User 38,user38@example.com,"[1, 0, 1, 1]",88
User 39,user39@example.com,"[1, 1, 0, 0]",56
User 40,user40@example.com,"[0, 1, 1, 0]",92
User 41,user41@example.com,"[1, 1, 1, 1]",62
User 42,user42@example.com,"[1, 0, 0, 0]",100
User 43,user43@example.com,"[1, 0, 0, 0]",84
User 44,user44@example.com,"[0, 1, 1, 0]",87
User 45,user45@example.com,"[1, 1, 0, 0]",98
User 46,user46@example.com,"[1, 1, 1, 1]",81
User 47,user47@example.com,"[0, 0, 0, 1]",78
User 48,user48@example.com,"[0, 0, 1, 1]",82
User 49,user49@example.com,"[1, 0, 1, 0]",65
User 50,user50@example.com,"[0, 0, 1, 1]",70
User 51,user51@example.com,"[0, 0, 1, 1]",83
User 52,user52@example.com,"[1, 1, 0, 1]",77
User 53,user53@example.com,"[1, 0, 0, 1]",82
User 54,user54@example.com,"[1, 1, 1, 1]",75
User 55,user55@example.com,"[1, 1, 1, 1]",80
User 56,user56@example.com,"[0, 1, 0, 1]",99
User 57,user57@example.com,"[0, 1, 1, 0]",67
User 58,user58@example.com,"[0, 0, 1, 0]",82
User 59,user59@example.com,"[0, 0, 0, 0]",93
User 60,user60@example.com,"[1, 1, 0, 1]",64
User 61,user61@example.com,"[1, 1, 1, 1]",61
User 62,user62@example.com,"[1, 0, 0, 0]",53
User 63,user63@example.com,"[1, 0, 1, 1]",86
User 64,user64@example.com,"[1, 1, 1, 1]",80
User 65,user65@example.com,"[0, 0, 0, 0]",80
User 66,user66@example.com,"[0, 0, 0, 0]",74
User 67,user67@example.com,"[0, 0, 1, 1]",61
User 68,user68@example.com,"[1, 0, 0, 1]",58
User 69,user69@example.com,"[0, 1, 0, 0]",90
User 70,user70@example.com,"[0, 0, 1, 0]",71
User 71,user71@example.com,"[0, 0, 0, 0]",66
User 72,user72@example.com,"[1, 0, 1, 0]",99
User 73,user73@example.com,"[0, 1, 0, 1]",61
User 74,user74@example.com,"[0, 0, 1, 0]",50
User 75,user75@example.com,"[1, 0, 1, 1]",68
User 76,user76@example.com,"[0, 0, 1, 0]",53
User 77,user77@example.com,"[1, 1, 0, 0]",65
User 78,user78@example.com,"[0, 0, 0, 1]",74
User 79,user79@example.com,"[1, 1, 1, 0]",96
User 80,user80@example.com,"[0, 1, 0, 0]",71
User 81,user81@example.com,"[0, 0, 1, 1]",76
User 82,user82@example.com,"[1, 1, 1, 1]",58
User 83,user83@example.com,"[1, 1, 0, 0]",79
User 84,user84@example.com,"[0, 1, 1, 1]",87
User 85,user85@example.com,"[1, 0, 0, 1]",65
User 86,user86@example.com,"[1, 1, 1, 0]",56
User 87,user87@example.com,"[0, 1, 1, 1]",74
User 88,user88@example.com,"[0, 0, 0, 1]",75
User 89,user89@example.com,"[0, 0, 1, 1]",94
User 90,user90@example.com,"[1, 1, 1, 1]",70
User 91,user91@example.com,"[0, 1, 1, 1]",51
User 92,user92@example.com,"[0, 1, 0, 1]",58
User 93,user93@example.com,"[1, 0, 1, 1]",63
User 94,user94@example.com,"[0, 1, 1, 1]",89
User 95,user95@example.com,"[0, 1, 0, 1]",52
User 96,user96@example.com,"[0, 0, 0, 1]",71
User 97,user97@example.com,"[1, 1, 1, 0]",100
User 98,user98@example.com,"[1, 0, 1, 1]",69
User 99,user99@example.com,"[1, 0, 1, 1]",72
User 100,user100@example.com,"[1, 0, 1, 0]",55
